Avis,Prix,Stock,Titre
star-rating Two,£51.33,In stock (19 available),Libertarianism for Beginners
star-rating Two,£45.17,In stock (19 available),It's Only the Himalayas
star-rating Five,£35.02,In stock (19 available),Rip it Up and Start Again
star-rating One,£23.88,In stock (19 available),Olio
star-rating Three,£57.25,In stock (19 available),"Our Band Could Be Your Life: Scenes from the American Indie Underground, 1981-1991"
star-rating Five,£17.46,In stock (19 available),Set Me Free
star-rating Four,£20.66,In stock (19 available),Shakespeare's Sonnets
star-rating One,£37.59,In stock (19 available),Mesaerion: The Best Science Fiction Stories 1800-1849
star-rating Two,£13.99,In stock (19 available),"Starving Hearts (Triangular Trade Trilogy, #1)"
star-rating One,£52.15,In stock (19 available),The Black Maria
star-rating Five,£52.29,In stock (19 available),Scott Pilgrim's Precious Little Life (Scott Pilgrim #1)
star-rating One,£22.65,In stock (19 available),The Requiem Red
star-rating Five,£54.23,In stock (20 available),Sapiens: A Brief History of Humankind
star-rating Four,£47.82,In stock (20 available),Sharp Objects
star-rating One,£50.10,In stock (20 available),Soumission
star-rating One,£53.74,In stock (20 available),Tipping the Velvet
star-rating Three,£17.93,In stock (19 available),"The Coming Woman: A Novel Based on the Life of the Infamous Feminist, Victoria Woodhull"
star-rating Four,£33.34,In stock (19 available),The Dirty Little Secrets of Getting Your Dream Job
star-rating Three,£51.77,In stock (22 available),A Light in the Attic
star-rating Four,£22.60,In stock (19 available),The Boys in the Boat: Nine Americans and Their Epic Quest for Gold at the 1936 Berlin Olympics
star-rating Two,£33.63,In stock (17 available),You can't bury them all: Poems
star-rating Four,£52.22,In stock (18 available),Behind Closed Doors
star-rating One,£19.63,In stock (18 available),"In a Dark, Dark Wood"
star-rating Two,£18.02,In stock (18 available),Maude (1883-1993):She Grew Up with the country
star-rating Three,£33.29,In stock (18 available),Penny Maybe
star-rating Five,£15.94,In stock (18 available),Sophie's World
star-rating One,£36.89,In stock (18 available),The Bear and the Piano
star-rating Five,£19.19,In stock (15 available),Dark Notes
star-rating Five,£23.82,In stock (18 available),The Elephant Tree
star-rating One,£36.58,In stock (15 available),Amid the Chaos
star-rating Five,£52.98,In stock (9 available),The Art and Science of Low Carbohydrate Living
star-rating One,£35.88,In stock (8 available),The Grownup
star-rating One,£10.97,In stock (15 available),The Long Shadow of Small Ghosts: Murder and Memory in an American City
star-rating Two,£47.72,In stock (14 available),Crazy Love: Overwhelmed by a Relentless God
star-rating One,£25.77,In stock (7 available),Blue Like Jazz: Nonreligious Thoughts on Christian Spirituality
star-rating Five,£29.87,In stock (14 available),All the Light We Cannot See
star-rating Five,£54.00,In stock (16 available),(Un)Qualified: How God Uses Broken People to Do Big Things
star-rating Two,£16.28,In stock (5 available),Peak: Secrets from the New Science of Expertise
star-rating One,£56.86,In stock (12 available),Equal Is Unfair: America's Misguided Fight Against Income Inequality
star-rating Two,£44.34,In stock (7 available),A Summer In Europe
star-rating One,£15.79,In stock (6 available),The Girl You Left Behind (The Girl You Left Behind #1)
star-rating Five,£31.58,In stock (2 available),Life
star-rating Four,£13.03,In stock (3 available),"The Elegant Universe: Superstrings, Hidden Dimensions, and the Quest for the Ultimate Theory"
star-rating Three,£28.80,In stock (1 available),Forever Rockers (The Rocker #12)
star-rating Four,£43.19,In stock (1 available),The Story of Hong Gildong
star-rating One,£41.56,In stock (14 available),My Name Is Lucy Barton
star-rating Two,£16.85,In stock (15 available),Louisa: The Extraordinary Life of Mrs. Adams
star-rating One,£28.90,In stock (14 available),Mr. Mercedes (Bill Hodges Trilogy #1)
star-rating Two,£55.66,In stock (1 available),Old Records Never Die: One Man's Quest for His Vinyl and His Past
star-rating Three,£24.48,In stock (14 available),My Mrs. Brown
star-rating Five,£46.49,In stock (6 available),How to Stop Worrying and Start Living
star-rating Three,£12.08,In stock (7 available),You Are a Badass: How to Stop Doubting Your Greatness and Start Living an Awesome Life
star-rating Four,£10.60,In stock (14 available),I Am Pilgrim (Pilgrim #1)
star-rating Three,£52.15,In stock (14 available),"Overload: How to Unplug, Unwind, and Unleash Yourself from the Pressure of Stress"
star-rating Two,£45.42,In stock (1 available),The Little Prince
star-rating Three,£27.09,In stock (14 available),Eligible (The Austen Project #4)
star-rating Four,£44.74,In stock (14 available),Sorting the Beef from the Bull: The Science of Food Fraud Forensics
star-rating One,£37.55,In stock (12 available),Tipping Point for Planet Earth: How Close Are We to the Edge?
star-rating Three,£48.87,In stock (14 available),See America: A Celebration of Our National Parks & Treasured Sites
star-rating Three,£57.22,In stock (4 available),Animal Farm
star-rating Three,£17.73,In stock (3 available),Wuthering Heights
star-rating Two,£36.94,In stock (8 available),Vagabonding: An Uncommon Guide to the Art of Long-Term World Travel
star-rating Four,£31.19,In stock (8 available),Please Kill Me: The Uncensored Oral History of Punk
star-rating Two,£29.70,In stock (3 available),The Picture of Dorian Gray
star-rating Three,£21.00,In stock (11 available),The Art of Startup Fundraising
star-rating Four,£26.78,In stock (3 available),The Complete Stories and Poems (The Works of Edgar Allan Poe [Cameo Edition])
star-rating One,£51.74,In stock (7 available),"Rich Dad, Poor Dad"
star-rating Five,£21.59,In stock (11 available),Born for This: How to Find the Work You Were Meant to Do
star-rating One,£36.91,In stock (8 available),The E-Myth Revisited: Why Most Small Businesses Don't Work and What to Do About It
star-rating Two,£46.33,In stock (7 available),Unreasonable Hope: Finding Faith in the God Who Brings Purpose to Your Pain
star-rating Five,£55.65,In stock (4 available),A New Earth: Awakening to Your Life's Purpose
star-rating Three,£50.83,In stock (14 available),Catching Jordan (Hundred Oaks)
star-rating One,£20.91,In stock (9 available),If I Gave You God's Phone Number....: Searching for Spirituality in America
star-rating Four,£49.43,In stock (15 available),Full Moon over Noah’s Ark: An Odyssey to Mount Ararat and Beyond
star-rating Two,£48.05,In stock (12 available),Stars Above (The Lunar Chronicles #4.5)
star-rating Five,£14.44,In stock (12 available),The Epidemic (The Program 0.6)
star-rating Four,£58.14,In stock (14 available),Aristotle and Dante Discover the Secrets of the Universe (Aristotle and Dante Discover the Secrets of the Universe #1)
star-rating One,£17.24,In stock (15 available),The Genius of Birds
star-rating Five,£57.36,In stock (16 available),Immunity: How Elie Metchnikoff Changed the Course of Modern Medicine
star-rating Two,£38.21,In stock (15 available),The Omnivore's Dilemma: A Natural History of Four Meals
star-rating Five,£38.49,In stock (15 available),The Artist's Way: A Spiritual Path to Higher Creativity
star-rating Four,£49.97,In stock (3 available),If I Run (If I Run #1)
star-rating Two,£12.23,In stock (15 available),So You've Been Publicly Shamed
star-rating Two,£23.99,In stock (15 available),Shoe Dog: A Memoir by the Creator of NIKE
star-rating Three,£27.55,In stock (15 available),The 10% Entrepreneur: Live Your Startup Dream Without Quitting Your Day Job
star-rating Five,£12.61,In stock (15 available),The Third Wave: An Entrepreneur’s Vision of the Future
star-rating One,£18.03,In stock (14 available),Love Is a Mix Tape (Music #1)
star-rating Five,£52.79,In stock (14 available),Someone Like You (The Harrisons #2)
star-rating One,£24.04,In stock (3 available),We Are All Completely Beside Ourselves
star-rating Two,£37.80,In stock (15 available),Chasing Heaven: What Dying Taught Me About Living
star-rating Two,£14.36,In stock (14 available),Wild Swans
star-rating Four,£22.00,In stock (16 available),In the Country We Love: My Family Divided
star-rating Three,£50.40,In stock (16 available),"Rat Queens, Vol. 3: Demons (Rat Queens (Collected Editions) #11-15)"
star-rating One,£43.14,In stock (12 available),Quench Your Own Thirst: Business Lessons Learned Over a Beer or Two
star-rating Two,£54.35,In stock (16 available),Everydata: The Misinformation Hidden in the Little Data You Consume Every Day
star-rating Five,£29.14,In stock (16 available),Call the Nurse: True Stories of a Country Nurse on a Scottish Isle
star-rating One,£30.81,In stock (16 available),Algorithms to Live By: The Computer Science of Human Decisions
star-rating Five,£20.47,In stock (15 available),Redeeming Love
star-rating Two,£43.54,In stock (15 available),The Power of Now: A Guide to Spiritual Enlightenment
star-rating Four,£49.46,In stock (15 available),Close to You
star-rating Five,£11.38,In stock (7 available),"Naturally Lean: 125 Nourishing Gluten-Free, Plant-Based Recipes--All Under 300 Calories"
star-rating Two,£28.77,In stock (7 available),Like Never Before (Walker Family #2)
star-rating Five,£39.67,In stock (8 available),Shadows of the Past (Logan Point #1)
star-rating Two,£18.32,In stock (6 available),Give It Back
star-rating Four,£31.49,In stock (5 available),Killing Floor (Jack Reacher #1)
star-rating Two,£34.93,In stock (4 available),Far From True (Promise Falls Trilogy #2)
star-rating Three,£59.71,In stock (4 available),The Bone Hunters (Lexy Vaughan & Steven Macaulay #2)
star-rating One,£15.77,In stock (3 available),The Travelers
star-rating Three,£28.81,In stock (16 available),Burning
star-rating Two,£46.83,In stock (3 available),Girl in the Blue Coat
star-rating Four,£28.13,In stock (16 available),A Fierce and Subtle Poison
star-rating Five,£43.55,In stock (15 available),Scarlett Epstein Hates It Here
star-rating One,£49.53,In stock (3 available),The Guernsey Literary and Potato Peel Pie Society
star-rating Two,£28.09,In stock (16 available),"Avatar: The Last Airbender: Smoke and Shadow, Part 3 (Smoke and Shadow #3)"
star-rating Two,£37.92,In stock (16 available),"Bitch Planet, Vol. 1: Extraordinary Machine (Bitch Planet (Collected Editions))"
star-rating Three,£20.50,In stock (11 available),Cravings: Recipes for What You Want to Eat
star-rating Five,£20.10,In stock (12 available),Everyday Italian: 125 Simple and Delicious Recipes
star-rating Four,£12.34,In stock (9 available),"The Moosewood Cookbook: Recipes from Moosewood Restaurant, Ithaca, New York"
star-rating One,£38.77,In stock (12 available),"A la Mode: 120 Recipes in 60 Pairings: Pies, Tarts, Cakes, Crisps, and More Topped with Ice Cream, Gelato, Frozen Custard, and More"
star-rating Two,£11.53,In stock (13 available),My Kitchen Year: 136 Recipes That Saved My Life
star-rating Five,£43.61,In stock (14 available),You (You #1)
star-rating Two,£53.63,In stock (8 available),32 Yolks
star-rating Two,£49.46,In stock (16 available),Bossypants
star-rating Five,£38.85,In stock (14 available),Made to Stick: Why Some Ideas Survive and Others Die
star-rating Two,£13.82,In stock (14 available),The Guilty (Will Robie #4)
star-rating One,£39.24,In stock (14 available),The 14th Colony (Cotton Malone #11)
star-rating Four,£17.08,In stock (16 available),Camp Midnight
star-rating One,£55.85,In stock (15 available),The Matchmaker's Playbook (Wingmen Inc. #1)
star-rating Four,£32.97,In stock (5 available),World Without End (The Pillars of the Earth #2)
star-rating Five,£28.32,In stock (4 available),The Passion of Dolssa
star-rating One,£26.77,In stock (4 available),Girl With a Pearl Earring
star-rating Five,£35.66,In stock (3 available),The Red Tent
star-rating Five,£21.07,In stock (3 available),Voyager (Outlander #3)
star-rating Two,£55.55,In stock (3 available),The Last Painting of Sara de Vos
star-rating Five,£36.29,In stock (1 available),The Hook Up (Game On #1)
star-rating One,£28.01,In stock (14 available),Barefoot Contessa Back to Basics
star-rating Four,£17.44,In stock (15 available),The Stranger
star-rating Four,£42.15,In stock (15 available),The Vacationers
star-rating One,£24.12,In stock (15 available),The Wedding Dress
star-rating One,£19.55,In stock (14 available),"It's All Easy: Healthy, Delicious Weeknight Meals in under 30 Minutes"
star-rating Three,£42.16,In stock (15 available),"Deliciously Ella Every Day: Quick and Easy Recipes for Gluten-Free Snacks, Packed Lunches, and Simple Meals"
star-rating One,£52.72,In stock (15 available),Thirteen Reasons Why
star-rating One,£41.25,In stock (15 available),The Cookies & Cups Cookbook: 125+ sweet & savory recipes reminding you to Always Eat Dessert First
star-rating Three,£35.07,In stock (15 available),Throne of Glass (Throne of Glass #1)
star-rating Three,£41.60,In stock (15 available),Tracing Numbers on a Train
star-rating Four,£58.08,In stock (15 available),The White Cat and the Monk: A Retelling of the Poem “Pangur Bán”
star-rating Two,£21.04,In stock (15 available),Tuesday Nights in 1980
star-rating One,£59.64,In stock (15 available),Thomas Jefferson and the Tripoli Pirates: The Forgotten War That Changed American History
star-rating Three,£45.84,In stock (14 available),Glory over Everything: Beyond The Kitchen House
star-rating Two,£20.55,In stock (12 available),"Love, Lies and Spies"
star-rating Four,£43.30,In stock (15 available),"William Shakespeare's Star Wars: Verily, A New Hope (William Shakespeare's Star Wars #4)"
star-rating Three,£16.62,In stock (7 available),The Constant Princess (The Tudor Court #1)
star-rating Four,£39.01,In stock (12 available),A Paris Apartment
star-rating Two,£17.28,In stock (11 available),Lilac Girls
star-rating One,£43.38,In stock (1 available),Beyond Good and Evil
star-rating One,£29.82,In stock (1 available),Bridget Jones's Diary (Bridget Jones #1)
star-rating One,£37.34,In stock (6 available),The Invention of Wings
star-rating Two,£23.15,In stock (15 available),The Emerald Mystery
star-rating Two,£37.60,In stock (15 available),The Love and Lemons Cookbook: An Apple-to-Zucchini Celebration of Impromptu Cooking
star-rating Five,£37.34,In stock (15 available),The Nerdy Nummies Cookbook: Sweet Treats for the Geek in All of Us
star-rating Two,£55.02,In stock (15 available),The Girl on the Train
star-rating One,£44.28,In stock (15 available),The Glittering Court (The Glittering Court #1)
star-rating Four,£19.18,In stock (1 available),The Edge of Reason (Bridget Jones #2)
star-rating One,£36.95,In stock (15 available),The House by the Lake
star-rating Four,£41.82,In stock (15 available),The Kite Runner
star-rating Two,£57.86,In stock (3 available),The Stand
star-rating Four,£44.10,In stock (15 available),The Murder of Roger Ackroyd (Hercule Poirot #4)
star-rating One,£10.65,In stock (15 available),The Project
star-rating Four,£20.89,In stock (7 available),Delivering the Truth (Quaker Midwife Mystery #1)
star-rating Five,£30.25,In stock (15 available),Mrs. Houdini
star-rating Four,£28.08,In stock (14 available),The Marriage of Opposites
star-rating Three,£49.47,In stock (3 available),The Girl with All the Gifts
star-rating One,£44.29,In stock (3 available),The Devil Wears Prada (The Devil Wears Prada #1)
star-rating Five,£48.96,In stock (3 available),Something Borrowed (Darcy & Rachel #1)
star-rating Five,£52.53,In stock (3 available),The Nanny Diaries (Nanny #1)
star-rating One,£54.62,In stock (3 available),Something Blue (Darcy & Rachel #2)
star-rating Three,£28.77,In stock (14 available),The Help Yourself Cookbook for Kids: 60 Easy Plant-Based Recipes Kids Can Make to Stay Healthy and Save the Earth
star-rating One,£19.69,In stock (3 available),I've Got Your Number
star-rating One,£47.13,In stock (8 available),Kierkegaard: A Christian Missionary to Christians
star-rating Four,£45.75,In stock (3 available),The Undomestic Goddess
star-rating One,£20.75,In stock (5 available),Critique of Pure Reason
star-rating One,£20.02,In stock (2 available),"Run, Spot, Run: The Ethics of Keeping Pets"
star-rating Three,£13.71,In stock (11 available),Playing with Fire
star-rating Five,£29.93,In stock (7 available),"At The Existentialist Café: Freedom, Being, and apricot cocktails with: Jean-Paul Sartre, Simone de Beauvoir, Albert Camus, Martin Heidegger, Edmund Husserl, Karl Jaspers, Maurice Merleau-Ponty and others"
star-rating Two,£43.70,In stock (3 available),"House of Lost Worlds: Dinosaurs, Dynasties, and the Story of Life on Earth"
star-rating One,£11.84,In stock (12 available),Hide Away (Eve Duncan #20)
star-rating Three,£59.48,In stock (12 available),Boar Island (Anna Pigeon #19)
star-rating Two,£27.26,In stock (11 available),The Widow
star-rating Five,£35.63,In stock (5 available),Dracula the Un-Dead
star-rating Five,£25.37,In stock (7 available),What Happened on Beale Street (Secrets of the South Mysteries #2)
star-rating Four,£47.51,In stock (4 available),Needful Things
star-rating Four,£12.75,In stock (4 available),Night Shift (Night Shift #1-20)
star-rating Two,£34.79,In stock (4 available),Misery
star-rating Three,£43.58,In stock (7 available),Meternity
star-rating Five,£48.39,In stock (4 available),Shopaholic Ties the Knot (Shopaholic #3)
star-rating Five,£13.73,In stock (4 available),Some Women
star-rating One,£21.94,In stock (4 available),Can You Keep a Secret?
star-rating Two,£42.80,In stock (3 available),Twenties Girl
star-rating Three,£25.01,In stock (4 available),It
star-rating Four,£48.49,In stock (11 available),Grey (Fifty Shades #4)
star-rating One,£54.21,In stock (8 available),Proofs of God: Classical Arguments from Tertullian to Barth
star-rating Four,£49.56,In stock (4 available),'Salem's Lot
star-rating Three,£26.80,In stock (12 available),Poisonous (Max Revere Novels #3)
star-rating One,£10.69,In stock (14 available),Tastes Like Fear (DI Marnie Rome #3)
star-rating Five,£48.35,In stock (14 available),A Time of Torment (Charlie Parker #14)
star-rating Four,£54.36,In stock (12 available),Murder at the 42nd Street Library (Raymond Ambler #1)
star-rating Two,£16.73,In stock (14 available),A Study in Scarlet (Sherlock Holmes #1)
star-rating Four,£58.55,In stock (6 available),Catherine the Great: Portrait of a Woman
star-rating Two,£39.67,In stock (6 available),The Rise and Fall of the Third Reich: A History of Nazi Germany
star-rating One,£23.40,In stock (14 available),The Loney
star-rating Three,£10.56,In stock (14 available),Pet Sematary
star-rating Two,£40.12,In stock (14 available),Doctor Sleep (The Shining #2)
star-rating Three,£32.00,In stock (15 available),The Bridge to Consciousness: I'm Writing the Bridge Between Science and Our Old and New Beliefs.
star-rating One,£12.87,In stock (4 available),Dark Lover (Black Dagger Brotherhood #1)
star-rating Three,£13.38,In stock (4 available),Changing the Game (Play by Play #2)
star-rating Three,£13.86,In stock (12 available),Will You Won't You Want Me?
star-rating Four,£20.46,In stock (11 available),Keep Me Posted
star-rating Five,£36.97,In stock (12 available),Psycho: Sanitarium (Psycho #1.5)
star-rating Three,£59.99,In stock (4 available),The Perfect Play (Play by Play #1)
star-rating Four,£57.36,In stock (15 available),I Had a Nice Time And Other Lies...: How to find love & sh*t like that
star-rating One,£48.64,In stock (12 available),Can You Keep a Secret? (Fear Street Relaunch #4)
star-rating Three,£23.37,In stock (5 available),Red Dragon (Hannibal Lecter #1)
star-rating Two,£54.21,In stock (14 available),The Last Mile (Amos Decker #2)
star-rating One,£13.92,In stock (14 available),That Darkness (Gardiner and Renner #1)
star-rating Four,£55.91,In stock (5 available),The Hiding Place
star-rating Three,£14.58,In stock (14 available),A Distant Mirror: The Calamitous 14th Century
star-rating Two,£14.54,In stock (3 available),The Guns of August
star-rating Three,£31.69,In stock (3 available),Naked
star-rating Five,£30.89,In stock (3 available),When You Are Engulfed in Flames
star-rating Two,£51.07,In stock (3 available),Holidays on Ice
star-rating Two,£51.22,In stock (5 available),America's War for the Greater Middle East: A Military History
star-rating One,£21.36,In stock (15 available),Follow You Home
star-rating Three,£24.70,In stock (14 available),Zealot: The Life and Times of Jesus of Nazareth
star-rating Three,£53.98,In stock (11 available),Take Me Home Tonight (Rock Star Romance #3)
star-rating Three,£47.67,In stock (11 available),Off the Hook (Fishing for Trouble #1)
star-rating Five,£14.75,In stock (11 available),A Gentleman's Position (Society of Gentlemen #3)
star-rating Three,£20.90,In stock (7 available),"Sit, Stay, Love"
star-rating One,£31.30,In stock (5 available),A Girl's Guide to Moving On (New Beginnings #2)
star-rating Four,£40.83,In stock (12 available),Dirty (Dive Bar #1)
star-rating Three,£21.80,In stock (14 available),1491: New Revelations of the Americas Before Columbus
star-rating Five,£52.40,In stock (7 available),A Short History of Nearly Everything
star-rating Three,£11.45,In stock (8 available),Brilliant Beacons: A History of the American Lighthouse
star-rating Five,£42.91,In stock (5 available),The Mathews Men: Seven Brothers and the War Against Hitler's U-boats
star-rating Three,£35.28,In stock (12 available),Most Wanted
star-rating Five,£44.48,In stock (8 available),"""Most Blessed of the Patriarchs"": Thomas Jefferson and the Empire of the Imagination"
star-rating One,£44.07,In stock (14 available),The Long Haul (Diary of a Wimpy Kid #9)
star-rating Five,£52.30,In stock (7 available),The Bachelor Girl's Guide to Murder (Herringford and Watts Mysteries #1)
star-rating Three,£43.68,In stock (9 available),Dress Your Family in Corduroy and Denim
star-rating Five,£11.83,In stock (14 available),Old School (Diary of a Wimpy Kid #10)
star-rating One,£25.55,In stock (7 available),Toddlers Are A**holes: It's Not Your Fault
star-rating Three,£35.61,In stock (15 available),Doing It Over (Most Likely To #1)
star-rating Four,£25.98,In stock (14 available),I Know What I'm Doing -- and Other Lies I Tell Myself: Dispatches from a Life Under Construction
star-rating Three,£32.61,In stock (14 available),The Wedding Pact (The O'Malleys #2)
star-rating One,£28.82,In stock (14 available),Hold Your Breath (Search and Rescue #1)
star-rating Four,£14.19,In stock (15 available),Poems That Make Grown Women Cry
star-rating One,£41.05,In stock (15 available),Night Sky with Exit Wounds
star-rating Five,£55.50,In stock (3 available),"Lamb: The Gospel According to Biff, Christ's Childhood Pal"
star-rating One,£41.06,In stock (15 available),Poses for Artists Volume 1 - Dynamic and Sitting Poses: An Essential Reference for Figure Drawing and the Human Form
star-rating One,£36.94,In stock (15 available),Romero and Juliet: A Tragic Tale of Love and Zombies
star-rating One,£20.27,In stock (15 available),Secrets and Lace (Fatal Hearts #1)
star-rating Three,£29.06,In stock (15 available),"Shobu Samurai, Project Aryoku (#3)"
star-rating Two,£57.60,In stock (3 available),Me Talk Pretty One Day
star-rating Two,£11.87,In stock (3 available),Lust & Wonder
star-rating Five,£54.29,In stock (3 available),A Heartbreaking Work of Staggering Genius
star-rating Five,£15.36,In stock (3 available),Fifty Shades Freed (Fifty Shades #3)
star-rating Two,£26.12,In stock (15 available),Soft Apocalypse
star-rating Four,£16.24,In stock (15 available),Something More Than This
star-rating Two,£55.99,In stock (15 available),Suddenly in Love (Lake Haven #1)
star-rating Two,£37.35,In stock (3 available),Catastrophic Happiness: Finding Joy in Childhood's Messy Years
star-rating Five,£33.34,In stock (15 available),The Art of War
star-rating Two,£10.93,In stock (15 available),The Argonauts
star-rating Five,£59.04,In stock (3 available),Life Without a Recipe
star-rating One,£36.34,In stock (1 available),The Nicomachean Ethics
star-rating Two,£25.89,In stock (1 available),Meditations
star-rating One,£54.89,In stock (3 available),House of Leaves
star-rating Four,£27.37,In stock (15 available),The Secret (The Secret #1)
star-rating Five,£51.36,In stock (15 available),The Regional Office Is Under Attack!
star-rating One,£31.04,In stock (3 available),8 Keys to Mental Health Through Exercise
star-rating One,£27.18,In stock (11 available),M Train
star-rating One,£40.85,In stock (11 available),Lab Girl
star-rating Two,£36.00,In stock (15 available),The Psychopath Test: A Journey Through the Madness Industry
star-rating Four,£40.44,In stock (1 available),Icing (Aces Hockey #2)
star-rating Five,£37.72,In stock (15 available),Done Rubbed Out (Reightman & Bailey #1)
star-rating Five,£58.81,In stock (5 available),Approval Junkie: Adventures in Caring Too Much
star-rating Four,£12.91,In stock (3 available),Running with Scissors
star-rating Five,£14.75,In stock (14 available),"Hyperbole and a Half: Unfortunate Situations, Flawed Coping Mechanisms, Mayhem, and Other Things That Happened"
star-rating Five,£51.75,In stock (14 available),"Eaternity: More than 150 Deliciously Easy Vegan Recipes for a Long, Healthy, Satisfied, Joyful Life"
star-rating Four,£54.59,In stock (15 available),Eureka Trivia 6.0
star-rating Four,£41.62,In stock (15 available),"Fables, Vol. 1: Legends in Exile (Fables #1)"
star-rating Four,£34.95,In stock (15 available),Drive: The Surprising Truth About What Motivates Us
star-rating One,£39.43,In stock (12 available),The Golden Condom: And Other Essays on Love Lost and Found
star-rating Three,£56.27,In stock (11 available),It Didn't Start with You: How Inherited Family Trauma Shapes Who We Are and How to End the Cycle
star-rating Three,£21.30,In stock (6 available),An Unquiet Mind: A Memoir of Moods and Madness
star-rating Two,£59.95,In stock (3 available),Civilization and Its Discontents
star-rating One,£21.14,In stock (3 available),"Thinking, Fast and Slow"
star-rating Five,£53.53,In stock (15 available),Finders Keepers (Bill Hodges Trilogy #2)
star-rating One,£10.40,In stock (14 available),The Lucifer Effect: Understanding How Good People Turn Evil
star-rating One,£29.00,In stock (15 available),First Steps for New Christians (Print Edition)
star-rating Four,£15.06,In stock (14 available),"Far & Away: Places on the Brink of Change: Seven Continents, Twenty-Five Years"
star-rating Two,£36.26,In stock (1 available),The Last Girl (The Dominion Trilogy #1)
star-rating Two,£22.16,In stock (15 available),Grumbles
star-rating Three,£51.22,In stock (3 available),"Friday Night Lights: A Town, a Team, and a Dream"
star-rating One,£45.58,In stock (14 available),Swell: A Year of Waves
star-rating One,£24.42,In stock (2 available),Sugar Rush (Offensive Line #2)
star-rating Two,£44.91,In stock (1 available),Settling the Score (The Summer Games #1)
star-rating Four,£34.96,In stock (1 available),Having the Barbarian's Baby (Ice Planet Barbarians #7.5)
star-rating Five,£44.84,In stock (3 available),The Book of Basketball: The NBA According to The Sports Guy
star-rating Five,£26.79,In stock (14 available),Let It Out: A Journey Through Journaling
star-rating Five,£29.14,In stock (14 available),Looking for Lovely: Collecting the Moments that Matter
star-rating Two,£21.95,In stock (14 available),No Dream Is Too High: Life Lessons From a Man Who Walked on the Moon
star-rating Four,£41.14,In stock (7 available),The Story of Art
star-rating Three,£58.79,In stock (14 available),Hamilton: The Revolution
star-rating Four,£10.29,In stock (8 available),History of Beauty
star-rating Three,£43.02,In stock (8 available),The New Drawing on the Right Side of the Brain
star-rating Two,£32.34,In stock (7 available),The Art Book
star-rating Five,£39.51,In stock (1 available),Ways of Seeing
star-rating Four,£19.07,In stock (3 available),Ready Player One
star-rating One,£54.86,In stock (3 available),Dune (Dune #1)
star-rating Four,£37.34,In stock (14 available),"Wonder Woman: Earth One, Volume One (Wonder Woman: Earth One #1)"
star-rating One,£10.92,In stock (3 available),The Restaurant at the End of the Universe (Hitchhiker's Guide to the Galaxy #2)
star-rating Two,£33.26,In stock (3 available),"Life, the Universe and Everything (Hitchhiker's Guide to the Galaxy #3)"
star-rating Two,£44.18,In stock (1 available),Three Wishes (River of Time: California #1)
star-rating One,£51.48,In stock (3 available),Do Androids Dream of Electric Sheep? (Blade Runner #1)
star-rating Two,£43.04,In stock (14 available),The Year of Magical Thinking
star-rating Three,£17.43,In stock (14 available),The Literature Book (Big Ideas Simply Explained)
star-rating Four,£38.20,In stock (14 available),Whole Lotta Creativity Going On: 60 Fun and Unusual Exercises to Awaken and Strengthen Your Creativity
star-rating Two,£19.60,In stock (14 available),What's It Like in Space?: Stories from Astronauts Who've Been There
star-rating Five,£12.51,In stock (15 available),Agnostic: A Spirited Manifesto
star-rating Four,£30.95,In stock (1 available),Twenty Love Poems and a Song of Despair
star-rating Five,£17.49,In stock (5 available),Booked
star-rating One,£15.40,In stock (1 available),"Vampire Knight, Vol. 1 (Vampire Knight #1)"
star-rating Three,£49.05,In stock (14 available),Feathers: Displays of Brilliant Plumage
star-rating Four,£48.63,In stock (9 available),Art and Fear: Observations on the Perils (and Rewards) of Artmaking
star-rating Five,£50.54,In stock (15 available),Amatus
star-rating Three,£18.46,In stock (15 available),Amy Meets the Saints and Sages
star-rating One,£48.74,In stock (11 available),Sleeping Giants (Themis Files #1)
star-rating Five,£37.40,In stock (14 available),The Song of Achilles
star-rating Five,£44.48,In stock (14 available),The Songs of the Gods
star-rating Five,£46.02,In stock (14 available),The Star-Touched Queen
star-rating Five,£25.91,In stock (14 available),The White Queen (The Cousins' War #1)
star-rating Four,£56.80,In stock (14 available),The Wright Brothers
star-rating One,£54.04,In stock (14 available),The Rosie Project (Don Tillman #1)
star-rating Two,£25.38,In stock (14 available),Through the Woods
star-rating Two,£22.08,In stock (14 available),Twenty Yawns
star-rating One,£28.34,In stock (1 available),Matilda
star-rating Four,£37.10,In stock (14 available),V for Vendetta (V for Vendetta Complete)
star-rating Five,£29.04,In stock (8 available),Les Fleurs du Mal
star-rating Five,£53.64,In stock (8 available),Out of Print: City Lights Spotlight No. 14
star-rating Two,£40.45,In stock (8 available),Howl and Other Poems
star-rating Five,£51.17,In stock (7 available),Leave This Song Behind: Teen Poetry at Its Best
star-rating Three,£22.85,In stock (1 available),Charlie and the Chocolate Factory (Charlie Bucket #1)
star-rating Four,£38.77,In stock (5 available),The Crossover
star-rating Five,£12.96,In stock (14 available),Walt Disney's Alice in Wonderland
star-rating One,£15.77,In stock (14 available),The Bad-Ass Librarians of Timbuktu: And Their Race to Save the World’s Most Precious Manuscripts
star-rating Four,£52.88,In stock (2 available),Diary of a Minecraft Zombie Book 1: A Scare of a Dare (An Unofficial Minecraft Book)
star-rating Four,£21.36,In stock (11 available),Arena
star-rating Four,£46.82,In stock (15 available),Anonymous
star-rating One,£32.42,In stock (5 available),Foundation (Foundation (Publication Order) #1)
star-rating Three,£21.82,In stock (8 available),Rising Strong
star-rating Two,£37.52,In stock (3 available),Horrible Bear!
star-rating Three,£28.54,In stock (3 available),Red: The True Story of Red Riding Hood
star-rating One,£10.62,In stock (3 available),Counting Thyme
star-rating Four,£10.79,In stock (3 available),Green Eggs and Ham (Beginner Books B-16)
star-rating Four,£44.73,In stock (14 available),The Bane Chronicles (The Bane Chronicles #1-11)
star-rating Four,£46.78,In stock (14 available),salt.
star-rating Five,£50.89,In stock (14 available),"Quarter Life Poetry: Poems for the Young, Broke and Hangry"
star-rating One,£48.78,In stock (14 available),The Dovekeepers
star-rating Two,£52.26,In stock (14 available),The Hidden Oracle (The Trials of Apollo #1)
star-rating Two,£45.95,In stock (14 available),"Unbroken: A World War II Story of Survival, Resilience, and Redemption"
star-rating Two,£40.67,In stock (14 available),The Immortal Life of Henrietta Lacks
star-rating Three,£10.66,In stock (3 available),Are We There Yet?
star-rating Two,£16.26,In stock (3 available),The Cat in the Hat (Beginner Books B-1)
star-rating Three,£16.88,In stock (14 available),The Power of Habit: Why We Do What We Do in Life and Business
star-rating Three,£29.48,In stock (8 available),Man's Search for Meaning
star-rating Two,£25.06,In stock (8 available),"Love That Boy: What Two Presidents, Eight Road Trips, and My Son Taught Me About a Parent's Expectations"
star-rating Three,£12.55,In stock (8 available),Living Forward: A Proven Plan to Stop Drifting and Get the Life You Want
star-rating Four,£21.96,In stock (8 available),Hystopia: A Novel
star-rating Four,£40.20,In stock (7 available),Sister Dear
star-rating Four,£42.78,In stock (7 available),The Bourne Identity (Jason Bourne #1)
star-rating Three,£49.67,In stock (7 available),Memoirs of a Geisha
star-rating Two,£35.92,In stock (9 available),Chernobyl 01:23:40: The Incredible True Story of the World's Worst Nuclear Disaster
star-rating Five,£15.42,In stock (6 available),The Collected Poems of W.B. Yeats (The Collected Works of W.B. Yeats #1)
star-rating One,£19.02,In stock (6 available),Me Before You (Me Before You #1)
star-rating One,£17.76,In stock (8 available),Why Not Me?
star-rating Two,£39.36,In stock (8 available),When Breath Becomes Air
star-rating Two,£58.54,In stock (8 available),Miller's Valley
star-rating Three,£34.06,In stock (8 available),"Zero to One: Notes on Startups, or How to Build the Future"
star-rating One,£53.90,In stock (14 available),"We Are Robin, Vol. 1: The Vigilante Business (We Are Robin #1)"
star-rating Four,£28.45,In stock (8 available),"The Midnight Assassin: Panic, Scandal, and the Hunt for America's First Serial Killer"
star-rating Two,£18.28,In stock (14 available),Once Was a Time
star-rating Three,£23.57,In stock (14 available),Rain Fish
star-rating Two,£38.39,In stock (14 available),"Naruto (3-in-1 Edition), Vol. 14: Includes Vols. 40, 41 & 42 (Naruto: Omnibus #14)"
star-rating Five,£39.50,In stock (14 available),Steve Jobs
star-rating Four,£35.43,In stock (14 available),"So Cute It Hurts!!, Vol. 6 (So Cute It Hurts!! #6)"
star-rating Three,£47.82,In stock (14 available),Robin War
star-rating Two,£25.48,In stock (14 available),"Red Hood/Arsenal, Vol. 1: Open for Business (Red Hood/Arsenal #1)"
star-rating One,£45.14,In stock (11 available),Lies and Other Acts of Love
star-rating Three,£16.34,In stock (11 available),Daredevils
star-rating Five,£11.89,In stock (14 available),Superman Vol. 1: Before Truth (Superman by Gene Luen Yang #1)
star-rating Five,£16.89,In stock (11 available),"Mother, Can You Not?"
star-rating Three,£21.21,In stock (12 available),Snatched: How A Drug Queen Went Undercover for the DEA and Was Kidnapped By Colombian Guerillas
star-rating Four,£41.46,In stock (12 available),Furiously Happy: A Funny Book About Horrible Things
star-rating Two,£13.34,In stock (11 available),Mothering Sunday
star-rating Four,£11.68,In stock (11 available),"The Sleep Revolution: Transforming Your Life, One Night at a Time"
star-rating Three,£48.48,In stock (11 available),11/22/63
star-rating One,£28.03,In stock (9 available),The Shack
star-rating Three,£19.53,In stock (11 available),A Mother's Reckoning: Living in the Aftermath of Tragedy
star-rating One,£51.15,In stock (8 available),The High Mountains of Portugal
star-rating Two,£24.57,In stock (10 available),"10% Happier: How I Tamed the Voice in My Head, Reduced Stress Without Losing My Edge, and Found Self-Help That Actually Works"
star-rating One,£44.21,In stock (8 available),I Will Find You
star-rating One,£29.65,In stock (14 available),Island of Dragons (Unwanteds #7)
star-rating Five,£16.28,In stock (14 available),Lady Midnight (The Dark Artifices #1)
star-rating Three,£47.02,In stock (14 available),"Hush, Hush (Hush, Hush #1)"
star-rating Two,£19.22,In stock (8 available),Brazen: The Courage to Find the You That's Been Hiding
star-rating Five,£38.89,In stock (8 available),Smarter Faster Better: The Secrets of Being Productive in Life and Business
star-rating Three,£17.03,In stock (14 available),Balloon Animals
star-rating One,£39.72,In stock (14 available),A Man Called Ove
star-rating Four,£46.91,In stock (14 available),"Living Leadership by Insight: A Good Leader Achieves, a Great Leader Builds Monuments"
star-rating Five,£46.29,In stock (12 available),The Silent Sister (Riley MacPherson #1)
star-rating Five,£41.00,In stock (3 available),Inferno (Robert Langdon #4)
star-rating Five,£49.13,In stock (3 available),Crazy Rich Asians (Crazy Rich Asians #1)
star-rating One,£22.11,In stock (3 available),Big Little Lies
star-rating Three,£16.78,In stock (2 available),The Course of Love
star-rating Three,£25.01,In stock (14 available),Cometh the Hour (The Clifton Chronicles #6)
star-rating Two,£56.54,In stock (12 available),The Dinner Party
star-rating Three,£59.90,In stock (12 available),The Diary of a Young Girl
star-rating One,£59.45,In stock (11 available),The Improbability of Love
star-rating Two,£33.26,In stock (12 available),The Lonely City: Adventures in the Art of Being Alone
star-rating Three,£49.83,In stock (14 available),Luckiest Girl Alive
star-rating Three,£53.95,In stock (14 available),Luis Paints the World
star-rating Two,£51.51,In stock (14 available),Lowriders to the Center of the Earth (Lowriders in Space #2)
star-rating Two,£15.48,In stock (15 available),Ayumi's Violin
star-rating Five,£15.38,In stock (15 available),Batman: The Dark Knight Returns (Batman)
star-rating Two,£37.61,In stock (14 available),More Than Music (Chasing the Dream #1)
star-rating Two,£36.50,In stock (15 available),Batman: The Long Halloween (Batman)
star-rating Two,£11.11,In stock (15 available),Beauty Restored (Riley Family Legacy Novellas #3)
star-rating Five,£47.09,In stock (1 available),Deep Under (Walker Security #1)
star-rating One,£41.24,In stock (1 available),Charity's Cross (Charles Towne Belles #4)
star-rating Two,£27.43,In stock (15 available),Becoming Wise: An Inquiry into the Mystery and Art of Living
star-rating One,£27.41,In stock (3 available),The Infinities
star-rating Five,£52.51,In stock (3 available),The Husband's Secret
star-rating Two,£22.96,In stock (3 available),The Da Vinci Code (Robert Langdon #2)
star-rating One,£22.10,In stock (3 available),The Art of Fielding
star-rating Three,£12.47,In stock (3 available),Lila (Gilead #3)
star-rating Three,£39.24,In stock (1 available),Fighting Fate (Fighting #6)
star-rating One,£44.97,In stock (3 available),Jurassic Park (Jurassic Park #1)
star-rating One,£36.58,In stock (14 available),Daily Fantasy Sports
star-rating Five,£57.62,In stock (14 available),El Deafo
star-rating Three,£46.47,In stock (14 available),Every Last Word
star-rating Five,£30.03,In stock (14 available),God: The Most Unpleasant Character in All Fiction
star-rating Five,£37.51,In stock (14 available),Demigods & Magicians: Percy and Annabeth Meet the Kanes (Percy Jackson & Kane Chronicles Crossover #1-3)
star-rating Five,£11.21,In stock (14 available),Dear Mr. Knightley
star-rating Four,£37.26,In stock (1 available),Bounty (Colorado Mountain #7)
star-rating Five,£10.23,In stock (14 available),Greek Mythic History
star-rating Three,£30.80,In stock (15 available),Big Magic: Creative Living Beyond Fear
star-rating Four,£14.39,In stock (14 available),Eight Hundred Grapes
star-rating One,£42.98,In stock (15 available),Hollow City (Miss Peregrine’s Peculiar Children #2)
star-rating Two,£19.15,In stock (15 available),Large Print Heart of the Pride
star-rating Five,£34.22,In stock (5 available),Siddhartha
star-rating Five,£58.00,In stock (5 available),Digital Fortress
star-rating Three,£19.43,In stock (15 available),"Daring Greatly: How the Courage to Be Vulnerable Transforms the Way We Live, Love, Parent, and Lead"
star-rating Three,£59.98,In stock (5 available),Last One Home (New Beginnings #1)
star-rating Three,£23.21,In stock (3 available),Three-Martini Lunch
star-rating Five,£26.58,In stock (4 available),Atlas Shrugged
star-rating Four,£26.26,In stock (3 available),The Nightingale
star-rating One,£48.71,In stock (1 available),This One Moment (Pushing Limits #1)
star-rating Three,£39.77,In stock (1 available),Where Lightning Strikes (Bleeding Stars #3)
star-rating Two,£28.34,In stock (1 available),"Rhythm, Chord & Malykhin"
star-rating Two,£38.92,In stock (1 available),My Perfect Mistake (Over the Top #1)
star-rating Three,£58.99,In stock (1 available),Listen to Me (Fusion #1)
star-rating Three,£48.80,In stock (14 available),Art Ops Vol. 1
star-rating Two,£32.01,In stock (14 available),Batman: Europa
star-rating Three,£56.07,In stock (3 available),The Wild Robot
star-rating One,£48.77,In stock (3 available),The Thing About Jellyfish
star-rating Five,£43.59,In stock (3 available),The Lonely Ones
star-rating Three,£51.48,In stock (14 available),Angels & Demons (Robert Langdon #1)
star-rating Two,£46.23,In stock (14 available),Carrie
star-rating Two,£34.20,In stock (14 available),Angels Walking (Angels Walking #1)
star-rating Five,£26.33,In stock (3 available),The Day the Crayons Came Home (Crayons)
star-rating Three,£31.85,In stock (14 available),"Carry On, Warrior: Thoughts on Life Unarmed"
star-rating Three,£11.75,In stock (2 available),"Saga, Volume 2 (Saga (Collected Editions) #2)"
star-rating Five,£11.64,In stock (2 available),"Fruits Basket, Vol. 2 (Fruits Basket #2)"
star-rating Four,£40.32,In stock (6 available),Deception Point
star-rating Three,£24.73,In stock (5 available),The Little Paris Bookshop
star-rating Three,£45.56,In stock (5 available),The Firm
star-rating Two,£44.58,In stock (5 available),The Expatriates
star-rating Four,£20.29,In stock (14 available),Cell
star-rating One,£25.08,In stock (9 available),Nap-a-Roo
star-rating One,£47.27,In stock (14 available),City of Ashes (The Mortal Instruments #2)
star-rating Four,£35.96,In stock (7 available),The Whale
star-rating Two,£34.41,In stock (7 available),Raymie Nightingale
star-rating Five,£14.10,In stock (8 available),Roller Girl
star-rating One,£32.38,In stock (7 available),Playing from the Heart
star-rating Three,£52.87,In stock (7 available),"Shrunken Treasures: Literary Classics, Short, Sweet, and Silly"
star-rating One,£22.54,In stock (5 available),Maybe Something Beautiful: How Art Transformed a Neighborhood
star-rating One,£56.43,In stock (4 available),A Walk to Remember
star-rating One,£12.25,In stock (3 available),The Purest Hook (Second Circle Tattoos #3)
star-rating Two,£27.41,In stock (3 available),Best of My Love (Fool's Gold #20)
star-rating One,£43.28,In stock (14 available),City of Bones (The Mortal Instruments #1)
star-rating Three,£11.10,In stock (3 available),Reservations for Two
star-rating One,£45.43,In stock (3 available),The Obsession
star-rating Four,£56.02,In stock (14 available),City of Glass (The Mortal Instruments #3)
star-rating Four,£11.23,In stock (14 available),City of Fallen Angels (The Mortal Instruments #4)
star-rating Four,£37.86,In stock (13 available),Rook
star-rating Two,£40.79,In stock (14 available),A People's History of the United States
star-rating Three,£13.33,In stock (13 available),"The Three Searches, Meaning, and the Story"
star-rating One,£55.51,In stock (14 available),A Brush of Wings (Angels Walking #3)
star-rating Three,£31.45,In stock (3 available),Original Fake
star-rating Two,£10.90,In stock (14 available),"Adulthood Is a Myth: A ""Sarah's Scribbles"" Collection"
star-rating Two,£56.48,In stock (14 available),"A Series of Catastrophes and Miracles: A True Story of Love, Science, and Cancer"
star-rating Two,£45.17,In stock (3 available),"Fruits Basket, Vol. 3 (Fruits Basket #3)"
star-rating One,£42.72,In stock (3 available),"Grayson, Vol 3: Nemesis (Grayson #3)"
star-rating One,£49.31,In stock (3 available),"Black Butler, Vol. 1 (Black Butler #1)"
star-rating Four,£33.95,In stock (9 available),"Fruits Basket, Vol. 9 (Fruits Basket #9)"
star-rating Two,£38.02,In stock (3 available),Awkward
star-rating One,£44.14,In stock (14 available),Clockwork Angel (The Infernal Devices #1)
star-rating Four,£22.13,In stock (14 available),Code Name Verity (Code Name Verity #1)
star-rating Five,£28.26,In stock (15 available),Modern Romance
star-rating Three,£13.47,In stock (15 available),Little Red
star-rating Four,£34.74,In stock (1 available),Imperfect Harmony
star-rating One,£54.81,In stock (2 available),"The Sandman, Vol. 2: The Doll's House (The Sandman (volumes) #2)"
star-rating One,£10.76,In stock (15 available),Miss Peregrine’s Home for Peculiar Children (Miss Peregrine’s Peculiar Children #1)
star-rating Five,£56.37,In stock (14 available),Abstract City
star-rating Five,£49.32,In stock (14 available),Brain on Fire: My Month of Madness
star-rating One,£38.73,In stock (13 available),Searching for Meaning in Gailana
star-rating One,£33.14,In stock (15 available),The Shadow Hero (The Shadow Hero)
star-rating Five,£32.30,In stock (12 available),The Star-Touched Queen
star-rating Three,£56.63,In stock (9 available),A Shard of Ice (The Black Symphony Saga #1)
star-rating Four,£50.44,In stock (4 available),"Fruits Basket, Vol. 4 (Fruits Basket #4)"
star-rating Four,£54.65,In stock (12 available),No Love Allowed (Dodge Cove #1)
star-rating Four,£15.71,In stock (12 available),One with You (Crossfire #5)
star-rating Five,£58.32,In stock (12 available),How to Speak Golf: An Illustrated Guide to Links Lingo
star-rating Four,£49.67,In stock (12 available),Raspberry Pi Electronics Projects for the Evil Genius
star-rating Three,£11.88,In stock (12 available),The Children
star-rating Four,£59.15,In stock (12 available),The Gray Rhino: How to Recognize and Act on the Obvious Dangers We Ignore
star-rating Three,£14.41,In stock (3 available),"The Wicked + The Divine, Vol. 3: Commercial Suicide (The Wicked + The Divine)"
star-rating Five,£21.57,In stock (3 available),"Saga, Volume 3 (Saga (Collected Editions) #3)"
star-rating Four,£37.80,In stock (14 available),Buying In: The Secret Dialogue Between What We Buy and Who We Are
star-rating Three,£43.63,In stock (3 available),Prodigy: The Graphic Novel (Legend: The Graphic Novel #2)
star-rating Three,£43.29,In stock (15 available),The Mistake (Off-Campus #2)
star-rating Five,£39.61,In stock (7 available),King's Folly (The Kinsman Chronicles #1)
star-rating Five,£55.55,In stock (3 available),"The Sandman, Vol. 3: Dream Country (The Sandman (volumes) #3)"
star-rating One,£39.13,In stock (3 available),Persepolis: The Story of a Childhood (Persepolis #1-2)
star-rating Four,£21.87,In stock (15 available),You Are What You Love: The Spiritual Power of Habit
star-rating Four,£44.07,In stock (3 available),Heir to the Sky
star-rating Five,£55.53,In stock (16 available),A Flight of Arrows (The Pathfinders #2)
star-rating Three,£43.87,In stock (3 available),Eragon (The Inheritance Cycle #1)
star-rating One,£52.37,In stock (16 available),A Court of Thorns and Roses (A Court of Thorns and Roses #1)
star-rating Two,£48.39,In stock (11 available),Troublemaker: Surviving Hollywood and Scientology
star-rating Two,£55.46,In stock (3 available),Midnight Riot (Peter Grant/ Rivers of London - books #1)
star-rating Five,£56.51,In stock (12 available),Eleanor & Park
star-rating One,£56.02,In stock (3 available),Darkfever (Fever #1)
star-rating Four,£22.06,In stock (3 available),Ash
star-rating One,£27.06,In stock (13 available),13 Hours: The Inside Account of What Really Happened In Benghazi
star-rating Two,£31.22,In stock (3 available),A Storm of Swords (A Song of Ice and Fire #3)
star-rating Four,£20.96,In stock (6 available),"Fruits Basket, Vol. 6 (Fruits Basket #6)"
star-rating One,£19.57,In stock (7 available),"Fruits Basket, Vol. 7 (Fruits Basket #7)"
star-rating One,£52.41,In stock (5 available),"Death Note, Vol. 5: Whiteout (Death Note #5)"
star-rating One,£16.33,In stock (5 available),"Fruits Basket, Vol. 5 (Fruits Basket #5)"
star-rating Three,£36.39,In stock (6 available),"Death Note, Vol. 6: Give-and-Take (Death Note #6)"
star-rating Two,£27.88,In stock (4 available),"The Demon Prince of Momochi House, Vol. 4 (The Demon Prince of Momochi House #4)"
star-rating One,£16.64,In stock (16 available),A Murder in Time
star-rating Four,£58.64,In stock (3 available),The Rose & the Dagger (The Wrath and the Dawn #2)
star-rating Five,£56.76,In stock (16 available),"A Piece of Sky, a Grain of Rice: A Memoir in Four Meditations"
star-rating Two,£24.72,In stock (3 available),Soldier (Talon #3)
star-rating Five,£49.45,In stock (4 available),Paper and Fire (The Great Library #2)
star-rating Five,£48.75,In stock (4 available),Harry Potter and the Half-Blood Prince (Harry Potter #6)
star-rating One,£42.95,In stock (16 available),A World of Flavor: Your Gluten Free Passport
star-rating One,£14.74,In stock (4 available),Harry Potter and the Chamber of Secrets (Harry Potter #2)
star-rating Four,£31.63,In stock (4 available),Harry Potter and the Order of the Phoenix (Harry Potter #5)
star-rating One,£27.80,In stock (4 available),God Is Not Great: How Religion Poisons Everything
star-rating Three,£31.95,In stock (3 available),We the People: The Modern-Day Figures Who Have Reshaped and Affirmed the Founding Fathers' Vision of America
star-rating One,£58.09,In stock (3 available),"Unstuffed: Decluttering Your Home, Mind, and Soul"
star-rating Two,£28.23,In stock (4 available),The Geography of Bliss: One Grump's Search for the Happiest Places in the World
star-rating Three,£50.66,In stock (3 available),Very Good Lives: The Fringe Benefits of Failure and the Importance of Imagination
star-rating Five,£50.62,In stock (14 available),Barefoot Contessa at Home: Everyday Recipes You'll Make Over and Over Again
star-rating Five,£11.05,In stock (5 available),The Power Greens Cookbook: 140 Delicious Superfood Recipes
star-rating One,£30.00,In stock (3 available),Under the Banner of Heaven: A Story of Violent Faith
star-rating One,£23.59,In stock (3 available),The Smitten Kitchen Cookbook
star-rating Five,£24.91,In stock (5 available),Mexican Today: New and Rediscovered Recipes for Contemporary Kitchens
star-rating Two,£52.11,In stock (4 available),The Demonists (Demonist #1)
star-rating Five,£20.88,In stock (11 available),Adultery
star-rating Four,£51.34,In stock (11 available),"Exit, Pursued by a Bear"
star-rating Three,£33.14,In stock (3 available),Hungry Girl Clean & Hungry: Easy All-Natural Recipes for Healthy Eating in the Real World
star-rating Four,£25.15,In stock (5 available),Talking to Girls About Duran Duran: One Young Man's Quest for True Love and a Cooler Haircut
star-rating Four,£31.63,In stock (5 available),My Mother Was Nuts
star-rating Four,£16.81,In stock (4 available),The Gunning of America: Business and the Making of American Gun Culture
star-rating Three,£38.71,In stock (4 available),The Jazz of Physics: The Secret Link Between Music and the Structure of the Universe
star-rating Four,£57.74,In stock (5 available),The Raven Boys (The Raven Cycle #1)
star-rating Three,£45.51,In stock (5 available),Tell the Wind and Fire
star-rating Five,£56.00,In stock (5 available),The False Prince (The Ascendance Trilogy #1)
star-rating Three,£32.35,In stock (5 available),"Data, A Love Story: How I Gamed Online Dating to Meet My Match"
star-rating Two,£48.67,In stock (5 available),Why Save the Bankers?: And Other Essays on Our Economic and Political Crisis
star-rating Four,£24.17,In stock (4 available),Harry Potter and the Prisoner of Azkaban (Harry Potter #3)
star-rating One,£33.23,In stock (9 available),Don't Forget Steven
star-rating Two,£47.44,In stock (9 available),Modern Day Fables
star-rating Four,£10.41,In stock (9 available),"NaNo What Now? Finding your editing process, revising your NaNoWriMo book and building a writing career through publishing and beyond"
star-rating Five,£12.16,In stock (7 available),Every Heart a Doorway (Every Heart A Doorway #1)
star-rating Four,£44.81,In stock (7 available),A Gathering of Shadows (Shades of Magic #2)
star-rating Two,£46.64,In stock (7 available),Finding God in the Ruins: How God Redeems Pain
star-rating Four,£49.98,In stock (6 available),In Cold Blood
star-rating Three,£45.13,In stock (7 available),For the Love: Fighting for Grace in a World of Impossible Standards
star-rating Three,£42.14,In stock (6 available),"Girl, Interrupted"
star-rating Three,£32.36,In stock (3 available),Walk the Edge (Thunder Road #2)
star-rating Three,£48.51,In stock (6 available),Mere Christianity
star-rating Four,£56.59,In stock (6 available),Fun Home: A Family Tragicomic
star-rating Two,£30.57,In stock (5 available),The Raven King (The Raven Cycle #4)
star-rating One,£22.37,In stock (5 available),Find Her (Detective D.D. Warren #8)
star-rating Two,£13.66,In stock (3 available),Vegan Vegetarian Omnivore: Dinner for Everyone at the Table
star-rating Two,£28.25,In stock (7 available),How to Be a Domestic Goddess: Baking and the Art of Comfort Cooking
star-rating Three,£34.32,In stock (3 available),"The Art of Simple Food: Notes, Lessons, and Recipes from a Delicious Revolution"
star-rating Four,£46.01,In stock (7 available),How to Cook Everything Vegetarian: Simple Meatless Recipes for Great Food (How to Cook Everything)
star-rating One,£41.81,In stock (5 available),Tell Me Three Things
star-rating Five,£11.33,In stock (5 available),The Darkest Corners
star-rating Four,£23.63,In stock (5 available),Lola and the Boy Next Door (Anna and the French Kiss #2)
star-rating Three,£46.85,In stock (6 available),The God Delusion
star-rating Five,£57.20,In stock (1 available),Kitchens of the Great Midwest
star-rating Four,£19.27,In stock (6 available),Pride and Prejudice
star-rating Four,£56.91,In stock (8 available),Between the World and Me
star-rating Five,£39.07,In stock (1 available),Bright Lines
star-rating Three,£30.66,In stock (1 available),The Bette Davis Club
star-rating Four,£57.43,In stock (7 available),John Adams
star-rating Five,£37.05,In stock (7 available),Good in Bed (Cannie Shapiro #1)
star-rating Four,£43.27,In stock (6 available),The Joy of Cooking
star-rating Four,£55.06,In stock (8 available),Being Mortal: Medicine and What Matters in the End
star-rating One,£18.77,In stock (6 available),The Golden Compass (His Dark Materials #1)
star-rating One,£28.93,In stock (8 available),South of Sunshine
star-rating Two,£41.39,In stock (8 available),The Martian (The Martian #1)
star-rating Three,£50.49,In stock (9 available),A Hero's Curse (The Unseen Chronicles #1)
star-rating Five,£15.52,In stock (5 available),Kill the Boy Band
star-rating Five,£55.65,In stock (8 available),Future Shock (Future Shock #1)
star-rating Five,£43.62,In stock (8 available),The Unlikely Pilgrimage of Harold Fry (Harold Fry #1)
star-rating Four,£50.35,In stock (7 available),Nightstruck: A Novel
star-rating Five,£40.28,In stock (1 available),"Fruits Basket, Vol. 1 (Fruits Basket #1)"
star-rating Two,£50.96,In stock (6 available),Tell the Wolves I'm Home
star-rating Four,£57.06,In stock (1 available),"Ajin: Demi-Human, Volume 1 (Ajin: Demi-Human #1)"
star-rating Four,£56.76,In stock (1 available),"Giant Days, Vol. 1 (Giant Days #1-4)"
star-rating Three,£51.96,In stock (1 available),When I'm Gone
star-rating Five,£34.65,In stock (1 available),"Bleach, Vol. 1: Strawberry and the Soul Reapers (Bleach #1)"
star-rating Four,£59.45,In stock (6 available),The Man Who Mistook His Wife for a Hat and Other Clinical Tales
star-rating Five,£12.34,In stock (1 available),The Silent Wife
star-rating One,£16.24,In stock (7 available),The Glass Castle
star-rating Three,£35.67,In stock (7 available),The Drowning Girls
star-rating Four,£41.73,In stock (5 available),Where She Went (If I Stay #2)
star-rating One,£14.64,In stock (5 available),Two Summers
star-rating Five,£20.12,In stock (7 available),Team of Rivals: The Political Genius of Abraham Lincoln
star-rating Two,£35.79,In stock (9 available),23 Degrees South: A Tropical Tale of Changing Whether...
star-rating One,£56.48,In stock (8 available),I'll Give You the Sun
star-rating Four,£47.31,In stock (5 available),"Will Grayson, Will Grayson (Will Grayson, Will Grayson)"
star-rating Four,£20.22,In stock (8 available),John Vassos: Industrial Design for Modern Life
star-rating Two,£40.72,In stock (8 available),Left Behind (Left Behind #1)
star-rating Four,£21.71,In stock (1 available),"Paper Girls, Vol. 1 (Paper Girls #1-5)"
star-rating Four,£39.39,In stock (1 available),"Ms. Marvel, Vol. 1: No Normal (Ms. Marvel (2014-2015) #1)"
star-rating One,£28.48,In stock (1 available),"Saga, Volume 1 (Saga (Collected Editions) #1)"
star-rating Five,£46.96,In stock (1 available),"Rat Queens, Vol. 1: Sass & Sorcery (Rat Queens (Collected Editions) #1-5)"
star-rating Three,£29.87,In stock (1 available),"Ouran High School Host Club, Vol. 1 (Ouran High School Host Club #1)"
star-rating Five,£36.39,In stock (8 available),My Life Next Door (My Life Next Door )
star-rating Three,£45.24,In stock (1 available),"Hawkeye, Vol. 1: My Life as a Weapon (Hawkeye #1)"
star-rating Five,£10.00,In stock (5 available),An Abundance of Katherines
star-rating Three,£13.20,In stock (8 available),"A Murder Over a Girl: Justice, Gender, Junior High"
star-rating Five,£59.92,In stock (6 available),The Barefoot Contessa Cookbook
star-rating Three,£39.61,In stock (6 available),Better Homes and Gardens New Cook Book
star-rating One,£54.40,In stock (9 available),The Alien Club
star-rating Three,£24.57,In stock (9 available),The Book of Mormon
star-rating Two,£16.68,In stock (9 available),The Flowers Lied
star-rating Four,£37.51,In stock (8 available),Death by Leisure: A Cautionary Tale
star-rating Five,£44.05,In stock (9 available),The New Brand You: Your New Image Makes the Sale for You
star-rating One,£34.72,In stock (7 available),The Year of Living Biblically: One Man's Humble Quest to Follow the Bible as Literally as Possible
star-rating One,£43.64,In stock (8 available),Ender's Game (The Ender Quintet #1)
star-rating Two,£36.52,In stock (1 available),"The Wicked + The Divine, Vol. 1: The Faust Act (The Wicked + The Divine)"
star-rating Two,£22.14,In stock (7 available),Wildlife of New York: A Five-Borough Coloring Book
star-rating Four,£40.83,In stock (1 available),The Art of Not Breathing
star-rating Four,£18.51,In stock (1 available),"Y: The Last Man, Vol. 1: Unmanned (Y: The Last Man #1)"
star-rating Three,£42.12,In stock (1 available),"Skip Beat!, Vol. 01 (Skip Beat! #1)"
star-rating Three,£10.64,In stock (1 available),The Complete Maus (Maus #1-2)
star-rating Two,£11.82,In stock (9 available),Underlying Notes
star-rating Three,£54.12,In stock (1 available),"The Sandman, Vol. 1: Preludes and Nocturnes (The Sandman (volumes) #1)"
star-rating Two,£52.86,In stock (8 available),Heaven is for Real: A Little Boy's Astounding Story of His Trip to Heaven and Back
star-rating Four,£58.87,In stock (9 available),Unlimited Intuition Now
star-rating Four,£58.05,In stock (9 available),Watchmen
star-rating Four,£17.21,In stock (5 available),A Feast for Crows (A Song of Ice and Fire #4)
star-rating Five,£48.27,In stock (9 available),Without Shame
star-rating Five,£46.08,In stock (4 available),The Beast (Black Dagger Brotherhood #14)
star-rating Five,£41.32,In stock (1 available),While You Were Mine
star-rating Five,£20.79,In stock (3 available),Between Shades of Gray
star-rating Three,£34.56,In stock (1 available),The Secret Healer
star-rating Five,£36.83,In stock (3 available),Annie on My Mind
star-rating Four,£12.86,In stock (2 available),New Moon (Twilight #2)
star-rating Five,£27.89,In stock (1 available),The Haters
star-rating Five,£48.13,In stock (5 available),Isla and the Happily Ever After (Anna and the French Kiss #3)
star-rating One,£26.09,In stock (3 available),Cinder (The Lunar Chronicles #1)
star-rating Three,£21.12,In stock (3 available),Boy Meets Boy
star-rating Two,£20.90,In stock (7 available),Steal Like an Artist: 10 Things Nobody Told You About Being Creative
star-rating Three,£49.03,In stock (7 available),The Good Girl
star-rating One,£53.47,In stock (2 available),Girl Online On Tour (Girl Online #2)
star-rating Four,£36.05,In stock (7 available),The Great Gatsby
star-rating Three,£25.83,In stock (1 available),Starlark
star-rating Four,£27.70,In stock (1 available),Lost Among the Living
star-rating Four,£33.17,In stock (7 available),The 7 Habits of Highly Effective People: Powerful Lessons in Personal Change
star-rating Five,£16.97,In stock (1 available),A Spy's Devotion (The Regency Spies of London #1)
star-rating Three,£58.35,In stock (1 available),Shameless
star-rating Five,£39.45,In stock (1 available),Off Sides (Off #1)
star-rating Four,£14.57,In stock (3 available),Scarlet (The Lunar Chronicles #2)
star-rating Three,£43.29,In stock (16 available),Crown of Midnight (Throne of Glass #2)
star-rating One,£26.20,In stock (12 available),The Midnight Watch: A Novel of the Titanic and the Californian
star-rating Four,£43.69,In stock (3 available),Legend (Legend #1)
star-rating Four,£36.72,In stock (16 available),"Codename Baboushka, Volume 1: The Conclave of Death"
star-rating Five,£53.04,In stock (3 available),Lady Renegades (Rebel Belle #3)
star-rating Four,£42.21,In stock (3 available),Golden (Heart of Dread #3)
star-rating Two,£24.72,In stock (3 available),Career of Evil (Cormoran Strike #3)
star-rating Five,£12.29,In stock (1 available),The Girl You Lost
star-rating Five,£15.28,In stock (3 available),Disrupted: My Misadventure in the Start-Up Bubble
star-rating Five,£51.32,In stock (3 available),Brave Enough
star-rating Five,£26.66,In stock (3 available),Gratitude
star-rating Four,£57.70,In stock (1 available),The No. 1 Ladies' Detective Agency (No. 1 Ladies' Detective Agency #1)
star-rating Five,£21.74,In stock (3 available),Blink: The Power of Thinking Without Thinking
star-rating Two,£28.88,In stock (3 available),I Am Malala: The Girl Who Stood Up for Education and Was Shot by the Taliban
star-rating Four,£13.22,In stock (7 available),Life of Pi
star-rating Two,£27.35,In stock (3 available),"Born to Run: A Hidden Tribe, Superathletes, and the Greatest Race the World Has Never Seen"
star-rating Three,£44.92,In stock (3 available),The New Guy (and Other Senior Year Distractions)
star-rating Four,£29.64,In stock (3 available),"The Land of 10,000 Madonnas"
star-rating Three,£15.85,In stock (1 available),The Girl In The Ice (DCI Erika Foster #1)
star-rating Three,£20.30,In stock (1 available),Blood Defense (Samantha Brinkman #1)
star-rating One,£28.99,In stock (1 available),Origins (Alphas 0.5)
star-rating One,£53.98,In stock (1 available),1st to Die (Women's Murder Club #1)
star-rating Two,£52.94,In stock (1 available),One Second (Seven #7)
star-rating Four,£58.75,In stock (1 available),Myriad (Prentor #1)
star-rating Two,£38.38,In stock (6 available),In the Woods (Dublin Murder Squad #1)
star-rating Four,£51.99,In stock (16 available),Danganronpa Volume 1
star-rating One,£22.20,In stock (3 available),Letter to a Christian Nation
star-rating Five,£56.70,In stock (3 available),Into the Wild
star-rating Four,£24.80,In stock (6 available),The Mysterious Affair at Styles (Hercule Poirot #1)
star-rating Five,£23.05,In stock (3 available),The Silkworm (Cormoran Strike #2)
star-rating One,£42.38,In stock (3 available),It's Never Too Late to Begin Again: Discovering Creativity and Meaning at Midlife and Beyond
star-rating One,£45.11,In stock (3 available),Let's Pretend This Never Happened: A Mostly True Memoir
star-rating Three,£28.85,In stock (3 available),"In the Garden of Beasts: Love, Terror, and an American Family in Hitler's Berlin"
star-rating Three,£43.45,In stock (3 available),The Exiled
star-rating One,£19.21,In stock (3 available),The Cuckoo's Calling (Cormoran Strike #1)
star-rating Three,£13.33,In stock (1 available),Sister Sable (The Mad Queen #1)
star-rating Four,£21.72,In stock (1 available),Shadow Rites (Jane Yellowrock #10)
star-rating Two,£31.58,In stock (6 available),The Makings of a Fatherless Child
star-rating One,£50.96,In stock (3 available),#GIRLBOSS
star-rating Three,£36.25,In stock (1 available),The Silent Twin (Detective Jennifer Knight #3)
star-rating Two,£10.27,In stock (6 available),The Fellowship of the Ring (The Lord of the Rings #1)
star-rating One,£29.38,In stock (1 available),The Mirror & the Maze (The Wrath and the Dawn #1.5)
star-rating Five,£17.80,In stock (6 available),The Hobbit (Middle-Earth Universe)
star-rating Three,£55.02,In stock (6 available),The Perks of Being a Wallflower
star-rating One,£49.51,In stock (3 available),Spilled Milk: Based on a True Story
star-rating Two,£53.82,In stock (1 available),Vampire Girl (Vampire Girl #1)
star-rating One,£13.51,In stock (3 available),Night (The Night Trilogy #1)
star-rating Five,£57.84,In stock (6 available),The Sound Of Love
star-rating Four,£41.67,In stock (3 available),"Rise of the Rocket Girls: The Women Who Propelled Us, from Missiles to the Moon to Mars"
star-rating Three,£25.40,In stock (3 available),Extreme Prey (Lucas Davenport #26)
star-rating Two,£32.74,In stock (3 available),Two Boys Kissing
star-rating One,£40.17,In stock (3 available),Notes from a Small Island (Notes From a Small Island #1)
star-rating One,£14.16,In stock (3 available),Outliers: The Story of Success
star-rating One,£21.96,In stock (16 available),Fifty Shades Darker (Fifty Shades #2)
star-rating Four,£21.28,In stock (3 available),Fire Bound (Sea Haven/Sisters of the Heart #5)
star-rating Two,£36.17,In stock (3 available),Cosmos
star-rating Two,£52.33,In stock (3 available),Seven Days in the Art World
star-rating Two,£37.97,In stock (16 available),"Don't Be a Jerk: And Other Practical Advice from Dogen, Japan's Greatest Zen Master"
star-rating One,£46.29,In stock (3 available),Sarah's Key
star-rating Three,£50.11,In stock (3 available),Rogue Lawyer (Rogue Lawyer #1)
star-rating One,£16.16,In stock (1 available),The Iliad
star-rating Three,£24.89,In stock (1 available),Lord of the Flies
star-rating Three,£14.76,In stock (1 available),The Communist Manifesto
star-rating Two,£37.25,In stock (3 available),The Name of God is Mercy
star-rating Three,£36.74,In stock (3 available),Stiff: The Curious Lives of Human Cadavers
star-rating Two,£34.98,In stock (3 available),Manuscript Found in Accra
star-rating One,£46.58,In stock (6 available),Musicophilia: Tales of Music and the Brain
star-rating One,£53.51,In stock (3 available),"Trespassing Across America: One Man's Epic, Never-Done-Before (and Sort of Illegal) Hike Across the Heartland"
star-rating Four,£15.97,In stock (16 available),First and First (Five Boroughs #3)
star-rating Three,£30.60,In stock (6 available),Ship Leaves Harbor: Essays on Travel by a Recovering Journeyman
star-rating Two,£22.11,In stock (16 available),"Giant Days, Vol. 2 (Giant Days #5-8)"
star-rating Five,£41.32,In stock (3 available),The Complete Poems
star-rating One,£24.55,In stock (3 available),The Catcher in the Rye
star-rating One,£57.83,In stock (3 available),"Miracles from Heaven: A Little Girl, Her Journey to Heaven, and Her Amazing Story of Healing"
star-rating Three,£29.69,In stock (16 available),Forever and Forever: The Courtship of Henry Longfellow and Fanny Appleton
star-rating One,£47.84,In stock (3 available),The Case for Christ (Cases for Christianity)
star-rating Four,£22.13,In stock (3 available),"The End of Faith: Religion, Terror, and the Future of Reason"
star-rating Five,£53.71,In stock (3 available),The Blind Side: Evolution of a Game
star-rating One,£57.48,In stock (3 available),The Girl Who Kicked the Hornet's Nest (Millennium Trilogy #3)
star-rating Three,£31.38,In stock (2 available),The Sense of an Ending
star-rating Three,£29.64,In stock (1 available),The Odyssey
star-rating Three,£33.78,In stock (1 available),The Republic
star-rating One,£54.43,In stock (1 available),The Light of the Fireflies
star-rating One,£33.97,In stock (16 available),Her Backup Boyfriend (The Sorensen Family #1)
star-rating One,£47.22,In stock (5 available),The Fault in Our Stars
star-rating Four,£15.08,In stock (5 available),The Secret Garden
star-rating Three,£54.63,In stock (16 available),I am a Hero Omnibus Volume 1
star-rating One,£38.28,In stock (15 available),"Nightingale, Sing"
star-rating Five,£29.99,In stock (15 available),Frostbite (Vampire Academy #2)
star-rating Two,£29.17,In stock (16 available),"I Hate Fairyland, Vol. 1: Madly Ever After (I Hate Fairyland (Compilations) #1-5)"
star-rating Five,£48.56,In stock (15 available),Library of Souls (Miss Peregrine’s Peculiar Children #3)
star-rating Four,£53.68,In stock (5 available),What If?: Serious Scientific Answers to Absurd Hypothetical Questions
star-rating Five,£17.97,In stock (7 available),Counted With the Stars (Out from Egypt #1)
star-rating Three,£10.79,In stock (5 available),A Clash of Kings (A Song of Ice and Fire #2)
star-rating Two,£10.02,In stock (3 available),The Tipping Point: How Little Things Can Make a Big Difference
star-rating One,£34.77,In stock (3 available),The Rest Is Noise: Listening to the Twentieth Century
star-rating Five,£35.67,In stock (16 available),Join
star-rating Three,£37.19,In stock (3 available),The Purpose Driven Life: What on Earth Am I Here for?
star-rating Two,£46.42,In stock (5 available),A Game of Thrones (A Song of Ice and Fire #1)
star-rating Two,£46.31,In stock (14 available),Until Friday Night (The Field Party #1)
star-rating Three,£47.80,In stock (3 available),The Hitchhiker's Guide to the Galaxy (Hitchhiker's Guide to the Galaxy #1)
star-rating Two,£53.90,In stock (16 available),Judo: Seven Steps to Black Belt (an Introductory Guide for Beginners)
star-rating Two,£27.12,In stock (14 available),This Is Where It Ends
star-rating One,£55.35,In stock (14 available),Don't Get Caught
star-rating One,£40.36,In stock (14 available),My Kind of Crazy
star-rating Five,£35.35,In stock (14 available),The Darkest Lie
star-rating Three,£11.48,In stock (5 available),Remember Me?
star-rating Five,£16.23,In stock (5 available),Shiver (The Wolves of Mercy Falls #1)
star-rating One,£40.11,In stock (16 available),"Layered: Baking, Building, and Styling Spectacular Cakes"
star-rating One,£34.50,In stock (5 available),The Dream Thieves (The Raven Cycle #2)
star-rating Two,£11.83,In stock (5 available),The 5th Wave (The 5th Wave #1)
star-rating Two,£19.92,In stock (16 available),Lumberjanes Vol. 3: A Terrible Plan (Lumberjanes #9-12)
star-rating Three,£45.61,In stock (16 available),"Lumberjanes, Vol. 1: Beware the Kitten Holy (Lumberjanes #1-4)"
star-rating One,£42.27,In stock (5 available),Evicted: Poverty and Profit in the American City
star-rating Two,£14.86,In stock (16 available),Obsidian (Lux #1)
star-rating Two,£56.40,In stock (16 available),Masks and Shadows
star-rating Three,£14.07,In stock (16 available),On a Midnight Clear
star-rating Four,£15.44,In stock (16 available),"Outcast, Vol. 1: A Darkness Surrounds Him (Outcast #1)"
star-rating Two,£33.37,In stock (16 available),My Paris Kitchen: Recipes and Stories
star-rating Three,£10.16,In stock (16 available),Patience
star-rating One,£48.41,In stock (16 available),orange: The Complete Collection 1 (orange: The Complete Collection #1)
star-rating One,£18.97,In stock (16 available),"Pop Gun War, Volume 1: Gift"
star-rating Two,£46.91,In stock (16 available),"Lumberjanes, Vol. 2: Friendship to the Max (Lumberjanes #5-8)"
star-rating Four,£14.02,In stock (16 available),"Mama Tried: Traditional Italian Cooking for the Screwed, Crude, Vegan, and Tattooed"
star-rating Two,£36.28,In stock (16 available),"Political Suicide: Missteps, Peccadilloes, Bad Calls, Backroom Hijinx, Sordid Pasts, Rotten Breaks, and Just Plain Dumb Mistakes in the Annals of American Politics"
star-rating Five,£13.34,In stock (16 available),Princess Between Worlds (Wide-Awake Princess #5)
star-rating One,£28.58,In stock (5 available),The Metamorphosis
star-rating Five,£34.13,In stock (5 available),"Blue Lily, Lily Blue (The Raven Cycle #3)"
star-rating Two,£38.70,In stock (5 available),Drama
star-rating Five,£13.61,In stock (16 available),"Princess Jellyfish 2-in-1 Omnibus, Vol. 01 (Princess Jellyfish 2-in-1 Omnibus #1)"
star-rating One,£16.96,In stock (5 available),Fool Me Once
star-rating Five,£38.13,In stock (5 available),If I Stay (If I Stay #1)
star-rating One,£23.32,In stock (5 available),Harry Potter and the Deathly Hallows (Harry Potter #7)
star-rating Two,£14.82,In stock (4 available),The Hound of the Baskervilles (Sherlock Holmes #5)
star-rating Two,£50.26,In stock (4 available),The Pilgrim's Progress
star-rating Four,£28.07,In stock (4 available),Little Women (Little Women #1)
star-rating Three,£32.49,In stock (4 available),Gone with the Wind
star-rating Three,£58.63,In stock (4 available),Candide
star-rating Two,£39.25,In stock (16 available),Security
star-rating Two,£51.04,In stock (16 available),"Saga, Volume 5 (Saga (Collected Editions) #5)"
star-rating Three,£25.02,In stock (16 available),"Saga, Volume 6 (Saga (Collected Editions) #6)"
star-rating Two,£39.58,In stock (16 available),Soul Reader
star-rating Two,£36.55,In stock (5 available),I Know Why the Caged Bird Sings (Maya Angelou's Autobiography #1)
star-rating Two,£19.83,In stock (16 available),Reskilling America: Learning to Labor in the Twenty-First Century
star-rating Four,£41.83,In stock (16 available),Spark Joy: An Illustrated Master Class on the Art of Organizing and Tidying Up
star-rating Three,£34.00,In stock (2 available),Kindle Paperwhite User's Guide
star-rating Five,£57.42,In stock (2 available),H is for Hawk
star-rating Five,£32.24,In stock (16 available),The Activist's Tao Te Ching: Ancient Advice for a Modern Revolution
star-rating Five,£57.82,In stock (1 available),Travels with Charley: In Search of America
star-rating Five,£41.56,In stock (1 available),The Tumor
star-rating One,£14.40,In stock (1 available),The End of the Jesus Era (An Investigation #1)
star-rating One,£19.73,In stock (16 available),The Age of Genius: The Seventeenth Century and the Birth of the Modern Mind
star-rating Three,£51.32,In stock (1 available),"Eat, Pray, Love"
star-rating Three,£40.76,In stock (16 available),The Art Forger
star-rating Five,£29.85,In stock (4 available),The Hunger Games (The Hunger Games #1)
star-rating Four,£52.35,In stock (4 available),Vogue Colors A to Z: A Fashion Coloring Book
star-rating Three,£27.88,In stock (4 available),The Shining (The Shining #1)
star-rating Four,£58.59,In stock (5 available),Alight (The Generations Trilogy #2)
star-rating Four,£58.11,In stock (16 available),The Death of Humanity: and the Case for Life
star-rating One,£56.06,In stock (16 available),The Electric Pencil: Drawings from Inside State Hospital No. 3
star-rating One,£37.13,In stock (16 available),The Gutsy Girl: Escapades for Your Life of Epic Adventure
star-rating Three,£54.11,In stock (16 available),The Murder That Never Was (Forensic Instincts #5)
star-rating Three,£16.77,In stock (16 available),The Life-Changing Magic of Tidying Up: The Japanese Art of Decluttering and Organizing
star-rating Five,£20.59,In stock (16 available),"The Inefficiency Assassin: Time Management Tactics for Working Smarter, Not Longer"
star-rating Four,£38.16,In stock (16 available),The Nameless City (The Nameless City #1)
star-rating Four,£42.96,In stock (16 available),The Most Perfect Thing: Inside (and Outside) a Bird's Egg
star-rating Four,£23.89,In stock (16 available),"The Mindfulness and Acceptance Workbook for Anxiety: A Guide to Breaking Free from Anxiety, Phobias, and Worry Using Acceptance and Commitment Therapy"
star-rating One,£40.87,In stock (3 available),Black Flags: The Rise of ISIS
star-rating Two,£11.89,In stock (2 available),"The Suffragettes (Little Black Classics, #96)"
star-rating Two,£44.88,In stock (3 available),Rework
star-rating One,£56.58,In stock (3 available),Are We Smart Enough to Know How Smart Animals Are?
star-rating Five,£27.88,In stock (14 available),The Time Keeper
star-rating Four,£52.67,In stock (14 available),The Testament of Mary
star-rating Three,£25.85,In stock (14 available),The First Hostage (J.B. Collins #2)
star-rating Three,£45.21,In stock (14 available),Take Me with You
star-rating Four,£20.44,In stock (4 available),Mockingjay (The Hunger Games #3)
star-rating Five,£19.67,In stock (4 available),Outlander (Outlander #1)
star-rating Three,£26.41,In stock (14 available),Still Life with Bread Crumbs
star-rating Four,£55.84,In stock (14 available),Shtum
star-rating Three,£13.90,In stock (4 available),Harry Potter and the Sorcerer's Stone (Harry Potter #1)
star-rating Two,£35.01,In stock (3 available),And Then There Were None
star-rating Two,£38.35,In stock (3 available),Beowulf
star-rating Two,£52.60,In stock (7 available),"Chronicles, Vol. 1"
star-rating Five,£45.05,In stock (8 available),Kill 'Em and Leave: Searching for James Brown and the American Soul
star-rating Three,£12.36,In stock (4 available),"Orchestra of Exiles: The Story of Bronislaw Huberman, the Israel Philharmonic, and the One Thousand Jews He Saved from Nazi Horrors"
star-rating One,£55.91,In stock (9 available),"The Fabric of the Cosmos: Space, Time, and the Texture of Reality"
star-rating Three,£37.33,In stock (7 available),Under the Tuscan Sun
star-rating One,£28.41,In stock (8 available),Diary of a Citizen Scientist: Chasing Tiger Beetles and Other New Ways of Engaging the World
star-rating Three,£13.76,In stock (5 available),The Grand Design
star-rating Four,£10.01,In stock (7 available),The Origin of Species
star-rating Two,£13.12,In stock (5 available),Logan Kade (Fallen Crest High #5.5)
star-rating Three,£33.92,In stock (3 available),The Lean Startup: How Today's Entrepreneurs Use Continuous Innovation to Create Radically Successful Businesses
star-rating One,£38.40,In stock (5 available),This Is Your Brain on Music: The Science of a Human Obsession
star-rating One,£37.46,In stock (1 available),Sense and Sensibility
star-rating Two,£47.11,In stock (1 available),Of Mice and Men
star-rating One,£46.03,In stock (16 available),How to Be Miserable: 40 Strategies You Already Use
star-rating One,£18.13,In stock (3 available),"Where'd You Go, Bernadette"
star-rating Four,£30.48,In stock (3 available),A Walk in the Woods: Rediscovering America on the Appalachian Trail
star-rating One,£21.80,In stock (3 available),World War Z: An Oral History of the Zombie War
star-rating One,£34.77,In stock (3 available),Zero History (Blue Ant #3)
star-rating Three,£46.02,In stock (3 available),Wild: From Lost to Found on the Pacific Crest Trail
star-rating Two,£48.94,In stock (4 available),Confessions of a Shopaholic (Shopaholic #1)
star-rating Two,£32.93,In stock (1 available),Emma
star-rating One,£27.62,In stock (4 available),"A History of God: The 4,000-Year Quest of Judaism, Christianity, and Islam"
star-rating Four,£56.50,In stock (16 available),The Past Never Ends
star-rating One,£55.53,In stock (1 available),Alice in Wonderland (Alice's Adventures in Wonderland #1)
star-rating One,£56.13,In stock (16 available),The Secret of Dreadwillow Carse
star-rating One,£19.09,In stock (16 available),The Torch Is Passed: A Harding Family Story
star-rating Three,£45.22,In stock (16 available),The Natural History of Us (The Fine Art of Pretending #2)
star-rating Five,£17.27,In stock (16 available),Thirst
star-rating One,£56.41,In stock (16 available),"The Pioneer Woman Cooks: Dinnertime: Comfort Classics, Freezer Food, 16-Minute Meals, and Other Delicious Ways to Solve Supper!"
star-rating Four,£19.49,In stock (16 available),This One Summer
star-rating One,£46.35,In stock (16 available),Online Marketing for Busy Authors: A Step-By-Step Guide
star-rating Three,£31.12,In stock (16 available),Throwing Rocks at the Google Bus: How Growth Became the Enemy of Prosperity
star-rating Three,£18.78,In stock (16 available),Unicorn Tracks
star-rating Four,£14.27,In stock (16 available),Untitled Collection: Sabbath Poems 2014
star-rating One,£16.28,In stock (16 available),Tsubasa: WoRLD CHRoNiCLE 2 (Tsubasa WoRLD CHRoNiCLE #2)
star-rating One,£25.52,In stock (16 available),"Unbound: How Eight Technologies Made Us Human, Transformed Society, and Brought Our World to the Brink"
star-rating Four,£44.18,In stock (16 available),"Unseen City: The Majesty of Pigeons, the Discreet Charm of Snails & Other Wonders of the Urban Wilderness"
star-rating Two,£41.93,In stock (3 available),Twilight (Twilight #1)
star-rating Five,£50.27,In stock (16 available),"We Love You, Charlie Freeman"
star-rating One,£31.77,In stock (16 available),When We Collided
star-rating Two,£45.07,In stock (16 available),Without Borders (Wanderlove #1)
star-rating Five,£47.61,In stock (17 available),Private Paris (Private #10)
star-rating Two,£26.41,In stock (17 available),Reasons to Stay Alive
star-rating Three,£57.31,In stock (17 available),Slow States of Collapse: Poems
star-rating One,£30.54,In stock (6 available),The Great Railway Bazaar
star-rating Four,£56.88,In stock (6 available),A Year in Provence (Provence #1)
star-rating Five,£20.02,In stock (4 available),No One Here Gets Out Alive
star-rating Three,£38.95,In stock (3 available),Neither Here nor There: Travels in Europe
star-rating Five,£26.08,In stock (1 available),"1,000 Places to See Before You Die"
star-rating One,£23.21,In stock (3 available),The Road to Little Dribbling: Adventures of an American in Britain (Notes From a Small Island #2)
star-rating Three,£48.19,In stock (7 available),Benjamin Franklin: An American Life
star-rating Two,£21.15,In stock (11 available),"Setting the World on Fire: The Brief, Astonishing Life of St. Catherine of Siena"
star-rating Four,£28.42,In stock (1 available),Choosing Our Religion: The Spiritual Lives of America's Nones
star-rating One,£39.55,In stock (7 available),The Faith of Christopher Hitchens: The Restless Soul of the World's Most Notorious Atheist
star-rating Three,£57.49,In stock (1 available),The Bhagavad Gita
star-rating Two,£58.09,In stock (3 available),The Lover's Dictionary
star-rating One,£20.93,In stock (3 available),The Maze Runner (The Maze Runner #1)
star-rating Three,£36.80,In stock (3 available),The Paris Wife
star-rating Five,£23.11,In stock (17 available),#HigherSelfie: Wake Up Your Life. Free Your Soul. Find Your Tribe.
star-rating Three,£58.33,In stock (8 available),Silence in the Dark (Logan Point #4)
star-rating Four,£30.60,In stock (3 available),Seven Brief Lessons on Physics
star-rating One,£29.45,In stock (1 available),The Selfish Gene
star-rating Two,£25.83,In stock (3 available),"Surely You're Joking, Mr. Feynman!: Adventures of a Curious Character"
star-rating Five,£57.35,In stock (3 available),"The Disappearing Spoon: And Other True Tales of Madness, Love, and the History of the World from the Periodic Table of the Elements"
star-rating Five,£54.81,In stock (9 available),Suzie Snowflake: One beautiful flake (a self-esteem story)
star-rating Two,£54.07,In stock (14 available),"Eat Fat, Get Thin"
star-rating Three,£49.05,In stock (16 available),"The Bulletproof Diet: Lose up to a Pound a Day, Reclaim Energy and Focus, Upgrade Your Life"
star-rating Five,£49.71,In stock (10 available),10-Day Green Smoothie Cleanse: Lose Up to 15 Pounds in 10 Days!
star-rating Five,£17.66,In stock (18 available),The Four Agreements: A Practical Guide to Personal Freedom
star-rating Four,£44.18,In stock (18 available),Wall and Piece
star-rating Four,£52.65,In stock (14 available),Why the Right Went Wrong: Conservatism--From Goldwater to the Tea Party and Beyond
star-rating Three,£31.05,In stock (18 available),The Five Love Languages: How to Express Heartfelt Commitment to Your Mate
star-rating Five,£40.30,In stock (18 available),Worlds Elsewhere: Journeys Around Shakespeare’s Globe
star-rating One,£12.30,In stock (3 available),The Giver (The Giver Quartet #1)
star-rating Three,£53.13,In stock (19 available),Aladdin and His Wonderful Lamp
star-rating Three,£43.58,In stock (3 available),The Goldfinch
star-rating Four,£52.25,In stock (3 available),The Demon-Haunted World: Science as a Candle in the Dark
star-rating Three,£54.64,In stock (19 available),Birdsong: A Story in Pictures
star-rating Five,£34.53,In stock (19 available),Black Dust
star-rating Five,£25.27,In stock (19 available),Chase Me (Paris Nights #2)
star-rating Two,£22.14,In stock (3 available),The Girl Who Played with Fire (Millennium Trilogy #2)
star-rating Three,£42.57,In stock (3 available),The Rise of Theodore Roosevelt (Theodore Roosevelt #1)
star-rating Three,£22.50,In stock (19 available),America's Cradle of Quarterbacks: Western Pennsylvania's Football Factory from Johnny Unitas to Joe Montana
star-rating Two,£37.32,In stock (19 available),How Music Works
star-rating One,£12.84,In stock (19 available),In Her Wake
star-rating Three,£30.52,In stock (19 available),"Foolproof Preserving: A Guide to Small Batch Jams, Jellies, Pickles, Condiments, and More: A Foolproof Guide to Making Small Batch Jams, Jellies, Pickles, Condiments, and More"
star-rating Two,£46.45,In stock (3 available),Shopaholic & Baby (Shopaholic #5)
star-rating Two,£23.43,In stock (3 available),The Autobiography of Malcolm X
star-rating Two,£53.49,In stock (3 available),The Book Thief
star-rating Two,£32.87,In stock (3 available),One for the Money (Stephanie Plum #1)
star-rating Two,£24.61,In stock (3 available),Orange Is the New Black
star-rating One,£43.55,In stock (3 available),Quiet: The Power of Introverts in a World That Can't Stop Talking
star-rating Two,£26.13,In stock (3 available),Life After Life
star-rating One,£29.40,In stock (3 available),Morning Star (Red Rising #3)
star-rating One,£25.02,In stock (3 available),"Lean In: Women, Work, and the Will to Lead"
star-rating Two,£56.68,In stock (3 available),Packing for Mars: The Curious Science of Life in the Void
star-rating Five,£37.60,In stock (3 available),Gone Girl
star-rating Three,£20.11,In stock (3 available),Is Everyone Hanging Out Without Me? (And Other Concerns)
star-rating Five,£23.90,In stock (3 available),Dark Places
star-rating Five,£39.24,In stock (3 available),Dead Wake: The Last Crossing of the Lusitania
star-rating Three,£52.62,In stock (3 available),Dracula
star-rating One,£18.74,In stock (3 available),Eclipse (Twilight #3)
star-rating One,£38.62,In stock (3 available),Fellside
star-rating One,£17.81,In stock (3 available),"David and Goliath: Underdogs, Misfits, and the Art of Battling Giants"
star-rating Five,£35.28,In stock (3 available),Breaking Dawn (Twilight #4)
star-rating Five,£21.55,In stock (3 available),Beautiful Creatures (Caster Chronicles #1)
star-rating Five,£14.08,In stock (3 available),A Visit from the Goon Squad
star-rating Five,£19.69,In stock (1 available),The Zombie Room
star-rating Three,£50.59,In stock (1 available),The Name of the Wind (The Kingkiller Chronicle #1)
star-rating Three,£32.36,In stock (1 available),On the Road (Duluoz Legend)
star-rating One,£42.40,In stock (1 available),Shatter Me (Shatter Me #1)
star-rating Two,£38.00,In stock (1 available),Frankenstein
star-rating Five,£38.43,In stock (1 available),Jane Eyre
star-rating Two,£18.88,In stock (1 available),Taking Shots (Assassins #1)
star-rating One,£24.96,In stock (1 available),Paradise Lost (Paradise #1)
